player_model,gemma,llama,mistral,qwen
gemma,0.4921875,0.609375,0.625,0.6796875
llama,0.6171875,0.390625,0.4765625,0.6015625
mistral,0.6640625,0.5078125,0.2890625,0.59375
qwen,0.6875,0.6015625,0.5625,0.40625
